DATAFLOW,LAST UPDATE,freq,unit,coicop,geo,TIME_PERIOD,OBS_VALUE,OBS_FLAG
ESTAT:PRC_HICP_MIDX(1.0),01/10/24 11:00:00,M,I05,CP00,NO,1996-01,83.3,
ESTAT:PRC_HICP_MIDX(1.0),01/10/24 11:00:00,M,I05,CP00,NO,1996-02,83.4,
ESTAT:PRC_HICP_MIDX(1.0),01/10/24 11:00:00,M,I05,CP00,NO,1996-03,83.6,
ESTAT:PRC_HICP_MIDX(1.0),01/10/24 11:00:00,M,I05,CP00,NO,1996-04,84.0,
ESTAT:PRC_HICP_MIDX(1.0),01/10/24 11:00:00,M,I05,CP00,NO,1996-05,84.1,
ESTAT:PRC_HICP_MIDX(1.0),01/10/24 11:00:00,M,I05,CP00,NO,1996-06,84.2,
ESTAT:PRC_HICP_MIDX(1.0),01/10/24 11:00:00,M,I05,CP00,NO,1996-07,84.6,
ESTAT:PRC_HICP_MIDX(1.0),01/10/24 11:00:00,M,I05,CP00,NO,1996-08,84.4,
ESTAT:PRC_HICP_MIDX(1.0),01/10/24 11:00:00,M,I05,CP00,NO,1996-09,84.7,
ESTAT:PRC_HICP_MIDX(1.0),01/10/24 11:00:00,M,I05,CP00,NO,1996-10,85.2,
ESTAT:PRC_HICP_MIDX(1.0),01/10/24 11:00:00,M,I05,CP00,NO,1996-11,85.1,
ESTAT:PRC_HICP_MIDX(1.0),01/10/24 11:00:00,M,I05,CP00,NO,1996-12,85.1,
ESTAT:PRC_HICP_MIDX(1.0),01/10/24 11:00:00,M,I05,CP00,NO,1997-01,86.0,
ESTAT:PRC_HICP_MIDX(1.0),01/10/24 11:00:00,M,I05,CP00,NO,1997-02,86.2,
ESTAT:PRC_HICP_MIDX(1.0),01/10/24 11:00:00,M,I05,CP00,NO,1997-03,86.4,
ESTAT:PRC_HICP_MIDX(1.0),01/10/24 11:00:00,M,I05,CP00,NO,1997-04,86.2,
ESTAT:PRC_HICP_MIDX(1.0),01/10/24 11:00:00,M,I05,CP00,NO,1997-05,86.5,
ESTAT:PRC_HICP_MIDX(1.0),01/10/24 11:00:00,M,I05,CP00,NO,1997-06,86.7,
ESTAT:PRC_HICP_MIDX(1.0),01/10/24 11:00:00,M,I05,CP00,NO,1997-07,86.2,
ESTAT:PRC_HICP_MIDX(1.0),01/10/24 11:00:00,M,I05,CP00,NO,1997-08,86.2,
ESTAT:PRC_HICP_MIDX(1.0),01/10/24 11:00:00,M,I05,CP00,NO,1997-09,86.5,
ESTAT:PRC_HICP_MIDX(1.0),01/10/24 11:00:00,M,I05,CP00,NO,1997-10,86.8,
ESTAT:PRC_HICP_MIDX(1.0),01/10/24 11:00:00,M,I05,CP00,NO,1997-11,86.8,
ESTAT:PRC_HICP_MIDX(1.0),01/10/24 11:00:00,M,I05,CP00,NO,1997-12,86.9,
ESTAT:PRC_HICP_MIDX(1.0),01/10/24 11:00:00,M,I05,CP00,NO,1998-01,87.3,
ESTAT:PRC_HICP_MIDX(1.0),01/10/24 11:00:00,M,I05,CP00,NO,1998-02,87.5,
ESTAT:PRC_HICP_MIDX(1.0),01/10/24 11:00:00,M,I05,CP00,NO,1998-03,88.0,
ESTAT:PRC_HICP_MIDX(1.0),01/10/24 11:00:00,M,I05,CP00,NO,1998-04,88.1,
ESTAT:PRC_HICP_MIDX(1.0),01/10/24 11:00:00,M,I05,CP00,NO,1998-05,88.0,
ESTAT:PRC_HICP_MIDX(1.0),01/10/24 11:00:00,M,I05,CP00,NO,1998-06,88.2,
ESTAT:PRC_HICP_MIDX(1.0),01/10/24 11:00:00,M,I05,CP00,NO,1998-07,88.3,
ESTAT:PRC_HICP_MIDX(1.0),01/10/24 11:00:00,M,I05,CP00,NO,1998-08,87.9,
ESTAT:PRC_HICP_MIDX(1.0),01/10/24 11:00:00,M,I05,CP00,NO,1998-09,88.5,
ESTAT:PRC_HICP_MIDX(1.0),01/10/24 11:00:00,M,I05,CP00,NO,1998-10,88.5,
ESTAT:PRC_HICP_MIDX(1.0),01/10/24 11:00:00,M,I05,CP00,NO,1998-11,88.7,
ESTAT:PRC_HICP_MIDX(1.0),01/10/24 11:00:00,M,I05,CP00,NO,1998-12,88.8,
ESTAT:PRC_HICP_MIDX(1.0),01/10/24 11:00:00,M,I05,CP00,NO,1999-01,89.1,
ESTAT:PRC_HICP_MIDX(1.0),01/10/24 11:00:00,M,I05,CP00,NO,1999-02,89.3,
ESTAT:PRC_HICP_MIDX(1.0),01/10/24 11:00:00,M,I05,CP00,NO,1999-03,89.8,
ESTAT:PRC_HICP_MIDX(1.0),01/10/24 11:00:00,M,I05,CP00,NO,1999-04,90.0,
ESTAT:PRC_HICP_MIDX(1.0),01/10/24 11:00:00,M,I05,CP00,NO,1999-05,90.0,
ESTAT:PRC_HICP_MIDX(1.0),01/10/24 11:00:00,M,I05,CP00,NO,1999-06,90.0,
ESTAT:PRC_HICP_MIDX(1.0),01/10/24 11:00:00,M,I05,CP00,NO,1999-07,89.8,
ESTAT:PRC_HICP_MIDX(1.0),01/10/24 11:00:00,M,I05,CP00,NO,1999-08,89.4,
ESTAT:PRC_HICP_MIDX(1.0),01/10/24 11:00:00,M,I05,CP00,NO,1999-09,90.1,
ESTAT:PRC_HICP_MIDX(1.0),01/10/24 11:00:00,M,I05,CP00,NO,1999-10,90.6,
ESTAT:PRC_HICP_MIDX(1.0),01/10/24 11:00:00,M,I05,CP00,NO,1999-11,91.0,
ESTAT:PRC_HICP_MIDX(1.0),01/10/24 11:00:00,M,I05,CP00,NO,1999-12,91.1,
ESTAT:PRC_HICP_MIDX(1.0),01/10/24 11:00:00,M,I05,CP00,NO,2000-01,91.5,
ESTAT:PRC_HICP_MIDX(1.0),01/10/24 11:00:00,M,I05,CP00,NO,2000-02,91.9,
ESTAT:PRC_HICP_MIDX(1.0),01/10/24 11:00:00,M,I05,CP00,NO,2000-03,92.2,
ESTAT:PRC_HICP_MIDX(1.0),01/10/24 11:00:00,M,I05,CP00,NO,2000-04,92.4,
ESTAT:PRC_HICP_MIDX(1.0),01/10/24 11:00:00,M,I05,CP00,NO,2000-05,92.5,
ESTAT:PRC_HICP_MIDX(1.0),01/10/24 11:00:00,M,I05,CP00,NO,2000-06,93.1,
ESTAT:PRC_HICP_MIDX(1.0),01/10/24 11:00:00,M,I05,CP00,NO,2000-07,92.8,
ESTAT:PRC_HICP_MIDX(1.0),01/10/24 11:00:00,M,I05,CP00,NO,2000-08,92.5,
ESTAT:PRC_HICP_MIDX(1.0),01/10/24 11:00:00,M,I05,CP00,NO,2000-09,93.4,
ESTAT:PRC_HICP_MIDX(1.0),01/10/24 11:00:00,M,I05,CP00,NO,2000-10,93.4,
ESTAT:PRC_HICP_MIDX(1.0),01/10/24 11:00:00,M,I05,CP00,NO,2000-11,93.8,
ESTAT:PRC_HICP_MIDX(1.0),01/10/24 11:00:00,M,I05,CP00,NO,2000-12,93.6,
ESTAT:PRC_HICP_MIDX(1.0),01/10/24 11:00:00,M,I05,CP00,NO,2001-01,94.3,
ESTAT:PRC_HICP_MIDX(1.0),01/10/24 11:00:00,M,I05,CP00,NO,2001-02,95.1,
ESTAT:PRC_HICP_MIDX(1.0),01/10/24 11:00:00,M,I05,CP00,NO,2001-03,95.3,
ESTAT:PRC_HICP_MIDX(1.0),01/10/24 11:00:00,M,I05,CP00,NO,2001-04,95.8,
ESTAT:PRC_HICP_MIDX(1.0),01/10/24 11:00:00,M,I05,CP00,NO,2001-05,96.3,
ESTAT:PRC_HICP_MIDX(1.0),01/10/24 11:00:00,M,I05,CP00,NO,2001-06,96.3,
ESTAT:PRC_HICP_MIDX(1.0),01/10/24 11:00:00,M,I05,CP00,NO,2001-07,94.8,
ESTAT:PRC_HICP_MIDX(1.0),01/10/24 11:00:00,M,I05,CP00,NO,2001-08,94.6,
ESTAT:PRC_HICP_MIDX(1.0),01/10/24 11:00:00,M,I05,CP00,NO,2001-09,95.1,
ESTAT:PRC_HICP_MIDX(1.0),01/10/24 11:00:00,M,I05,CP00,NO,2001-10,95.1,
ESTAT:PRC_HICP_MIDX(1.0),01/10/24 11:00:00,M,I05,CP00,NO,2001-11,95.0,
ESTAT:PRC_HICP_MIDX(1.0),01/10/24 11:00:00,M,I05,CP00,NO,2001-12,95.1,
ESTAT:PRC_HICP_MIDX(1.0),01/10/24 11:00:00,M,I05,CP00,NO,2002-01,95.2,
ESTAT:PRC_HICP_MIDX(1.0),01/10/24 11:00:00,M,I05,CP00,NO,2002-02,95.5,
ESTAT:PRC_HICP_MIDX(1.0),01/10/24 11:00:00,M,I05,CP00,NO,2002-03,95.8,
ESTAT:PRC_HICP_MIDX(1.0),01/10/24 11:00:00,M,I05,CP00,NO,2002-04,95.8,
ESTAT:PRC_HICP_MIDX(1.0),01/10/24 11:00:00,M,I05,CP00,NO,2002-05,96.0,
ESTAT:PRC_HICP_MIDX(1.0),01/10/24 11:00:00,M,I05,CP00,NO,2002-06,96.0,
ESTAT:PRC_HICP_MIDX(1.0),01/10/24 11:00:00,M,I05,CP00,NO,2002-07,95.8,
ESTAT:PRC_HICP_MIDX(1.0),01/10/24 11:00:00,M,I05,CP00,NO,2002-08,95.5,
ESTAT:PRC_HICP_MIDX(1.0),01/10/24 11:00:00,M,I05,CP00,NO,2002-09,96.2,
ESTAT:PRC_HICP_MIDX(1.0),01/10/24 11:00:00,M,I05,CP00,NO,2002-10,96.4,
ESTAT:PRC_HICP_MIDX(1.0),01/10/24 11:00:00,M,I05,CP00,NO,2002-11,96.7,
ESTAT:PRC_HICP_MIDX(1.0),01/10/24 11:00:00,M,I05,CP00,NO,2002-12,97.5,
ESTAT:PRC_HICP_MIDX(1.0),01/10/24 11:00:00,M,I05,CP00,NO,2003-01,99.1,
ESTAT:PRC_HICP_MIDX(1.0),01/10/24 11:00:00,M,I05,CP00,NO,2003-02,99.4,
ESTAT:PRC_HICP_MIDX(1.0),01/10/24 11:00:00,M,I05,CP00,NO,2003-03,98.8,
ESTAT:PRC_HICP_MIDX(1.0),01/10/24 11:00:00,M,I05,CP00,NO,2003-04,98.2,
ESTAT:PRC_HICP_MIDX(1.0),01/10/24 11:00:00,M,I05,CP00,NO,2003-05,97.6,
ESTAT:PRC_HICP_MIDX(1.0),01/10/24 11:00:00,M,I05,CP00,NO,2003-06,97.3,
ESTAT:PRC_HICP_MIDX(1.0),01/10/24 11:00:00,M,I05,CP00,NO,2003-07,97.0,
ESTAT:PRC_HICP_MIDX(1.0),01/10/24 11:00:00,M,I05,CP00,NO,2003-08,97.2,
ESTAT:PRC_HICP_MIDX(1.0),01/10/24 11:00:00,M,I05,CP00,NO,2003-09,97.7,
ESTAT:PRC_HICP_MIDX(1.0),01/10/24 11:00:00,M,I05,CP00,NO,2003-10,97.6,
ESTAT:PRC_HICP_MIDX(1.0),01/10/24 11:00:00,M,I05,CP00,NO,2003-11,97.6,
ESTAT:PRC_HICP_MIDX(1.0),01/10/24 11:00:00,M,I05,CP00,NO,2003-12,97.6,
ESTAT:PRC_HICP_MIDX(1.0),01/10/24 11:00:00,M,I05,CP00,NO,2004-01,97.7,
ESTAT:PRC_HICP_MIDX(1.0),01/10/24 11:00:00,M,I05,CP00,NO,2004-02,97.9,
ESTAT:PRC_HICP_MIDX(1.0),01/10/24 11:00:00,M,I05,CP00,NO,2004-03,98.4,
ESTAT:PRC_HICP_MIDX(1.0),01/10/24 11:00:00,M,I05,CP00,NO,2004-04,98.6,
ESTAT:PRC_HICP_MIDX(1.0),01/10/24 11:00:00,M,I05,CP00,NO,2004-05,98.7,
ESTAT:PRC_HICP_MIDX(1.0),01/10/24 11:00:00,M,I05,CP00,NO,2004-06,98.7,
ESTAT:PRC_HICP_MIDX(1.0),01/10/24 11:00:00,M,I05,CP00,NO,2004-07,98.6,
ESTAT:PRC_HICP_MIDX(1.0),01/10/24 11:00:00,M,I05,CP00,NO,2004-08,98.3,
ESTAT:PRC_HICP_MIDX(1.0),01/10/24 11:00:00,M,I05,CP00,NO,2004-09,98.8,
ESTAT:PRC_HICP_MIDX(1.0),01/10/24 11:00:00,M,I05,CP00,NO,2004-10,99.0,
ESTAT:PRC_HICP_MIDX(1.0),01/10/24 11:00:00,M,I05,CP00,NO,2004-11,98.9,
ESTAT:PRC_HICP_MIDX(1.0),01/10/24 11:00:00,M,I05,CP00,NO,2004-12,98.8,
ESTAT:PRC_HICP_MIDX(1.0),01/10/24 11:00:00,M,I05,CP00,NO,2005-01,98.6,
ESTAT:PRC_HICP_MIDX(1.0),01/10/24 11:00:00,M,I05,CP00,NO,2005-02,98.8,
ESTAT:PRC_HICP_MIDX(1.0),01/10/24 11:00:00,M,I05,CP00,NO,2005-03,99.2,
ESTAT:PRC_HICP_MIDX(1.0),01/10/24 11:00:00,M,I05,CP00,NO,2005-04,99.7,
ESTAT:PRC_HICP_MIDX(1.0),01/10/24 11:00:00,M,I05,CP00,NO,2005-05,100.1,
ESTAT:PRC_HICP_MIDX(1.0),01/10/24 11:00:00,M,I05,CP00,NO,2005-06,100.2,
ESTAT:PRC_HICP_MIDX(1.0),01/10/24 11:00:00,M,I05,CP00,NO,2005-07,99.9,
ESTAT:PRC_HICP_MIDX(1.0),01/10/24 11:00:00,M,I05,CP00,NO,2005-08,100.1,
ESTAT:PRC_HICP_MIDX(1.0),01/10/24 11:00:00,M,I05,CP00,NO,2005-09,100.9,
ESTAT:PRC_HICP_MIDX(1.0),01/10/24 11:00:00,M,I05,CP00,NO,2005-10,100.8,
ESTAT:PRC_HICP_MIDX(1.0),01/10/24 11:00:00,M,I05,CP00,NO,2005-11,100.8,
ESTAT:PRC_HICP_MIDX(1.0),01/10/24 11:00:00,M,I05,CP00,NO,2005-12,100.8,
ESTAT:PRC_HICP_MIDX(1.0),01/10/24 11:00:00,M,I05,CP00,NO,2006-01,100.5,
ESTAT:PRC_HICP_MIDX(1.0),01/10/24 11:00:00,M,I05,CP00,NO,2006-02,101.4,
ESTAT:PRC_HICP_MIDX(1.0),01/10/24 11:00:00,M,I05,CP00,NO,2006-03,101.6,
ESTAT:PRC_HICP_MIDX(1.0),01/10/24 11:00:00,M,I05,CP00,NO,2006-04,102.5,
ESTAT:PRC_HICP_MIDX(1.0),01/10/24 11:00:00,M,I05,CP00,NO,2006-05,102.6,
ESTAT:PRC_HICP_MIDX(1.0),01/10/24 11:00:00,M,I05,CP00,NO,2006-06,102.4,
ESTAT:PRC_HICP_MIDX(1.0),01/10/24 11:00:00,M,I05,CP00,NO,2006-07,102.2,
ESTAT:PRC_HICP_MIDX(1.0),01/10/24 11:00:00,M,I05,CP00,NO,2006-08,102.2,
ESTAT:PRC_HICP_MIDX(1.0),01/10/24 11:00:00,M,I05,CP00,NO,2006-09,103.8,
ESTAT:PRC_HICP_MIDX(1.0),01/10/24 11:00:00,M,I05,CP00,NO,2006-10,103.8,
ESTAT:PRC_HICP_MIDX(1.0),01/10/24 11:00:00,M,I05,CP00,NO,2006-11,103.6,
ESTAT:PRC_HICP_MIDX(1.0),01/10/24 11:00:00,M,I05,CP00,NO,2006-12,103.0,
ESTAT:PRC_HICP_MIDX(1.0),01/10/24 11:00:00,M,I05,CP00,NO,2007-01,101.7,
ESTAT:PRC_HICP_MIDX(1.0),01/10/24 11:00:00,M,I05,CP00,NO,2007-02,102.2,
ESTAT:PRC_HICP_MIDX(1.0),01/10/24 11:00:00,M,I05,CP00,NO,2007-03,102.9,
ESTAT:PRC_HICP_MIDX(1.0),01/10/24 11:00:00,M,I05,CP00,NO,2007-04,103.0,
ESTAT:PRC_HICP_MIDX(1.0),01/10/24 11:00:00,M,I05,CP00,NO,2007-05,103.2,
ESTAT:PRC_HICP_MIDX(1.0),01/10/24 11:00:00,M,I05,CP00,NO,2007-06,103.1,
ESTAT:PRC_HICP_MIDX(1.0),01/10/24 11:00:00,M,I05,CP00,NO,2007-07,102.9,
ESTAT:PRC_HICP_MIDX(1.0),01/10/24 11:00:00,M,I05,CP00,NO,2007-08,102.8,
ESTAT:PRC_HICP_MIDX(1.0),01/10/24 11:00:00,M,I05,CP00,NO,2007-09,103.5,
ESTAT:PRC_HICP_MIDX(1.0),01/10/24 11:00:00,M,I05,CP00,NO,2007-10,103.5,
ESTAT:PRC_HICP_MIDX(1.0),01/10/24 11:00:00,M,I05,CP00,NO,2007-11,104.6,
ESTAT:PRC_HICP_MIDX(1.0),01/10/24 11:00:00,M,I05,CP00,NO,2007-12,105.0,
ESTAT:PRC_HICP_MIDX(1.0),01/10/24 11:00:00,M,I05,CP00,NO,2008-01,104.6,
ESTAT:PRC_HICP_MIDX(1.0),01/10/24 11:00:00,M,I05,CP00,NO,2008-02,105.4,
ESTAT:PRC_HICP_MIDX(1.0),01/10/24 11:00:00,M,I05,CP00,NO,2008-03,105.8,
ESTAT:PRC_HICP_MIDX(1.0),01/10/24 11:00:00,M,I05,CP00,NO,2008-04,105.8,
ESTAT:PRC_HICP_MIDX(1.0),01/10/24 11:00:00,M,I05,CP00,NO,2008-05,106.1,
ESTAT:PRC_HICP_MIDX(1.0),01/10/24 11:00:00,M,I05,CP00,NO,2008-06,106.2,
ESTAT:PRC_HICP_MIDX(1.0),01/10/24 11:00:00,M,I05,CP00,NO,2008-07,106.9,
ESTAT:PRC_HICP_MIDX(1.0),01/10/24 11:00:00,M,I05,CP00,NO,2008-08,107.0,
ESTAT:PRC_HICP_MIDX(1.0),01/10/24 11:00:00,M,I05,CP00,NO,2008-09,108.5,
ESTAT:PRC_HICP_MIDX(1.0),01/10/24 11:00:00,M,I05,CP00,NO,2008-10,108.8,
ESTAT:PRC_HICP_MIDX(1.0),01/10/24 11:00:00,M,I05,CP00,NO,2008-11,108.0,
ESTAT:PRC_HICP_MIDX(1.0),01/10/24 11:00:00,M,I05,CP00,NO,2008-12,107.7,
ESTAT:PRC_HICP_MIDX(1.0),01/10/24 11:00:00,M,I05,CP00,NO,2009-01,107.3,
ESTAT:PRC_HICP_MIDX(1.0),01/10/24 11:00:00,M,I05,CP00,NO,2009-02,108.4,
ESTAT:PRC_HICP_MIDX(1.0),01/10/24 11:00:00,M,I05,CP00,NO,2009-03,108.5,
ESTAT:PRC_HICP_MIDX(1.0),01/10/24 11:00:00,M,I05,CP00,NO,2009-04,108.9,
ESTAT:PRC_HICP_MIDX(1.0),01/10/24 11:00:00,M,I05,CP00,NO,2009-05,109.2,
ESTAT:PRC_HICP_MIDX(1.0),01/10/24 11:00:00,M,I05,CP00,NO,2009-06,109.9,
ESTAT:PRC_HICP_MIDX(1.0),01/10/24 11:00:00,M,I05,CP00,NO,2009-07,109.2,
ESTAT:PRC_HICP_MIDX(1.0),01/10/24 11:00:00,M,I05,CP00,NO,2009-08,108.9,
ESTAT:PRC_HICP_MIDX(1.0),01/10/24 11:00:00,M,I05,CP00,NO,2009-09,110.0,
ESTAT:PRC_HICP_MIDX(1.0),01/10/24 11:00:00,M,I05,CP00,NO,2009-10,109.7,
ESTAT:PRC_HICP_MIDX(1.0),01/10/24 11:00:00,M,I05,CP00,NO,2009-11,110.1,
ESTAT:PRC_HICP_MIDX(1.0),01/10/24 11:00:00,M,I05,CP00,NO,2009-12,110.3,
ESTAT:PRC_HICP_MIDX(1.0),01/10/24 11:00:00,M,I05,CP00,NO,2010-01,110.2,
ESTAT:PRC_HICP_MIDX(1.0),01/10/24 11:00:00,M,I05,CP00,NO,2010-02,111.8,
ESTAT:PRC_HICP_MIDX(1.0),01/10/24 11:00:00,M,I05,CP00,NO,2010-03,112.4,
ESTAT:PRC_HICP_MIDX(1.0),01/10/24 11:00:00,M,I05,CP00,NO,2010-04,112.6,
ESTAT:PRC_HICP_MIDX(1.0),01/10/24 11:00:00,M,I05,CP00,NO,2010-05,112.0,
ESTAT:PRC_HICP_MIDX(1.0),01/10/24 11:00:00,M,I05,CP00,NO,2010-06,111.9,
ESTAT:PRC_HICP_MIDX(1.0),01/10/24 11:00:00,M,I05,CP00,NO,2010-07,111.2,
ESTAT:PRC_HICP_MIDX(1.0),01/10/24 11:00:00,M,I05,CP00,NO,2010-08,110.7,
ESTAT:PRC_HICP_MIDX(1.0),01/10/24 11:00:00,M,I05,CP00,NO,2010-09,111.5,
ESTAT:PRC_HICP_MIDX(1.0),01/10/24 11:00:00,M,I05,CP00,NO,2010-10,111.6,
ESTAT:PRC_HICP_MIDX(1.0),01/10/24 11:00:00,M,I05,CP00,NO,2010-11,111.8,
ESTAT:PRC_HICP_MIDX(1.0),01/10/24 11:00:00,M,I05,CP00,NO,2010-12,113.3,
ESTAT:PRC_HICP_MIDX(1.0),01/10/24 11:00:00,M,I05,CP00,NO,2011-01,112.4,
ESTAT:PRC_HICP_MIDX(1.0),01/10/24 11:00:00,M,I05,CP00,NO,2011-02,113.0,
ESTAT:PRC_HICP_MIDX(1.0),01/10/24 11:00:00,M,I05,CP00,NO,2011-03,113.4,
ESTAT:PRC_HICP_MIDX(1.0),01/10/24 11:00:00,M,I05,CP00,NO,2011-04,114.1,
ESTAT:PRC_HICP_MIDX(1.0),01/10/24 11:00:00,M,I05,CP00,NO,2011-05,113.8,
ESTAT:PRC_HICP_MIDX(1.0),01/10/24 11:00:00,M,I05,CP00,NO,2011-06,113.3,
ESTAT:PRC_HICP_MIDX(1.0),01/10/24 11:00:00,M,I05,CP00,NO,2011-07,112.9,
ESTAT:PRC_HICP_MIDX(1.0),01/10/24 11:00:00,M,I05,CP00,NO,2011-08,112.1,
ESTAT:PRC_HICP_MIDX(1.0),01/10/24 11:00:00,M,I05,CP00,NO,2011-09,113.3,
ESTAT:PRC_HICP_MIDX(1.0),01/10/24 11:00:00,M,I05,CP00,NO,2011-10,113.1,
ESTAT:PRC_HICP_MIDX(1.0),01/10/24 11:00:00,M,I05,CP00,NO,2011-11,113.1,
ESTAT:PRC_HICP_MIDX(1.0),01/10/24 11:00:00,M,I05,CP00,NO,2011-12,113.2,
ESTAT:PRC_HICP_MIDX(1.0),01/10/24 11:00:00,M,I05,CP00,NO,2012-01,112.7,
ESTAT:PRC_HICP_MIDX(1.0),01/10/24 11:00:00,M,I05,CP00,NO,2012-02,114.1,
ESTAT:PRC_HICP_MIDX(1.0),01/10/24 11:00:00,M,I05,CP00,NO,2012-03,114.0,
ESTAT:PRC_HICP_MIDX(1.0),01/10/24 11:00:00,M,I05,CP00,NO,2012-04,114.0,
ESTAT:PRC_HICP_MIDX(1.0),01/10/24 11:00:00,M,I05,CP00,NO,2012-05,114.0,
ESTAT:PRC_HICP_MIDX(1.0),01/10/24 11:00:00,M,I05,CP00,NO,2012-06,113.3,
ESTAT:PRC_HICP_MIDX(1.0),01/10/24 11:00:00,M,I05,CP00,NO,2012-07,112.7,
ESTAT:PRC_HICP_MIDX(1.0),01/10/24 11:00:00,M,I05,CP00,NO,2012-08,112.1,
ESTAT:PRC_HICP_MIDX(1.0),01/10/24 11:00:00,M,I05,CP00,NO,2012-09,113.4,
ESTAT:PRC_HICP_MIDX(1.0),01/10/24 11:00:00,M,I05,CP00,NO,2012-10,114.0,
ESTAT:PRC_HICP_MIDX(1.0),01/10/24 11:00:00,M,I05,CP00,NO,2012-11,114.1,
ESTAT:PRC_HICP_MIDX(1.0),01/10/24 11:00:00,M,I05,CP00,NO,2012-12,114.5,
ESTAT:PRC_HICP_MIDX(1.0),01/10/24 11:00:00,M,I05,CP00,NO,2013-01,114.0,
ESTAT:PRC_HICP_MIDX(1.0),01/10/24 11:00:00,M,I05,CP00,NO,2013-02,114.8,
ESTAT:PRC_HICP_MIDX(1.0),01/10/24 11:00:00,M,I05,CP00,NO,2013-03,115.3,
ESTAT:PRC_HICP_MIDX(1.0),01/10/24 11:00:00,M,I05,CP00,NO,2013-04,116.1,
ESTAT:PRC_HICP_MIDX(1.0),01/10/24 11:00:00,M,I05,CP00,NO,2013-05,116.0,
ESTAT:PRC_HICP_MIDX(1.0),01/10/24 11:00:00,M,I05,CP00,NO,2013-06,115.4,
ESTAT:PRC_HICP_MIDX(1.0),01/10/24 11:00:00,M,I05,CP00,NO,2013-07,115.9,
ESTAT:PRC_HICP_MIDX(1.0),01/10/24 11:00:00,M,I05,CP00,NO,2013-08,115.8,
ESTAT:PRC_HICP_MIDX(1.0),01/10/24 11:00:00,M,I05,CP00,NO,2013-09,116.4,
ESTAT:PRC_HICP_MIDX(1.0),01/10/24 11:00:00,M,I05,CP00,NO,2013-10,116.6,
ESTAT:PRC_HICP_MIDX(1.0),01/10/24 11:00:00,M,I05,CP00,NO,2013-11,116.7,
ESTAT:PRC_HICP_MIDX(1.0),01/10/24 11:00:00,M,I05,CP00,NO,2013-12,116.6,
ESTAT:PRC_HICP_MIDX(1.0),01/10/24 11:00:00,M,I05,CP00,NO,2014-01,116.4,
ESTAT:PRC_HICP_MIDX(1.0),01/10/24 11:00:00,M,I05,CP00,NO,2014-02,117.0,
ESTAT:PRC_HICP_MIDX(1.0),01/10/24 11:00:00,M,I05,CP00,NO,2014-03,117.4,
ESTAT:PRC_HICP_MIDX(1.0),01/10/24 11:00:00,M,I05,CP00,NO,2014-04,117.8,
ESTAT:PRC_HICP_MIDX(1.0),01/10/24 11:00:00,M,I05,CP00,NO,2014-05,117.9,
ESTAT:PRC_HICP_MIDX(1.0),01/10/24 11:00:00,M,I05,CP00,NO,2014-06,117.5,
ESTAT:PRC_HICP_MIDX(1.0),01/10/24 11:00:00,M,I05,CP00,NO,2014-07,118.5,
ESTAT:PRC_HICP_MIDX(1.0),01/10/24 11:00:00,M,I05,CP00,NO,2014-08,118.0,
ESTAT:PRC_HICP_MIDX(1.0),01/10/24 11:00:00,M,I05,CP00,NO,2014-09,118.8,
ESTAT:PRC_HICP_MIDX(1.0),01/10/24 11:00:00,M,I05,CP00,NO,2014-10,118.8,
ESTAT:PRC_HICP_MIDX(1.0),01/10/24 11:00:00,M,I05,CP00,NO,2014-11,119.0,
ESTAT:PRC_HICP_MIDX(1.0),01/10/24 11:00:00,M,I05,CP00,NO,2014-12,118.9,
ESTAT:PRC_HICP_MIDX(1.0),01/10/24 11:00:00,M,I05,CP00,NO,2015-01,118.6,
ESTAT:PRC_HICP_MIDX(1.0),01/10/24 11:00:00,M,I05,CP00,NO,2015-02,119.1,
ESTAT:PRC_HICP_MIDX(1.0),01/10/24 11:00:00,M,I05,CP00,NO,2015-03,119.4,
ESTAT:PRC_HICP_MIDX(1.0),01/10/24 11:00:00,M,I05,CP00,NO,2015-04,119.9,
ESTAT:PRC_HICP_MIDX(1.0),01/10/24 11:00:00,M,I05,CP00,NO,2015-05,120.2,
ESTAT:PRC_HICP_MIDX(1.0),01/10/24 11:00:00,M,I05,CP00,NO,2015-06,120.6,
ESTAT:PRC_HICP_MIDX(1.0),01/10/24 11:00:00,M,I05,CP00,NO,2015-07,120.3,
ESTAT:PRC_HICP_MIDX(1.0),01/10/24 11:00:00,M,I05,CP00,NO,2015-08,120.1,
ESTAT:PRC_HICP_MIDX(1.0),01/10/24 11:00:00,M,I05,CP00,NO,2015-09,121.1,
ESTAT:PRC_HICP_MIDX(1.0),01/10/24 11:00:00,M,I05,CP00,NO,2015-10,121.7,
ESTAT:PRC_HICP_MIDX(1.0),01/10/24 11:00:00,M,I05,CP00,NO,2015-11,122.2,
ESTAT:PRC_HICP_MIDX(1.0),01/10/24 11:00:00,M,I05,CP00,NO,2015-12,121.7,
ESTAT:PRC_HICP_MIDX(1.0),01/10/24 11:00:00,M,I05,CP00,NO,2016-01,122.4,
ESTAT:PRC_HICP_MIDX(1.0),01/10/24 11:00:00,M,I05,CP00,NO,2016-02,123.1,
ESTAT:PRC_HICP_MIDX(1.0),01/10/24 11:00:00,M,I05,CP00,NO,2016-03,123.7,
ESTAT:PRC_HICP_MIDX(1.0),01/10/24 11:00:00,M,I05,CP00,NO,2016-04,124.1,
ESTAT:PRC_HICP_MIDX(1.0),01/10/24 11:00:00,M,I05,CP00,NO,2016-05,124.7,
ESTAT:PRC_HICP_MIDX(1.0),01/10/24 11:00:00,M,I05,CP00,NO,2016-06,125.5,
ESTAT:PRC_HICP_MIDX(1.0),01/10/24 11:00:00,M,I05,CP00,NO,2016-07,126.3,
ESTAT:PRC_HICP_MIDX(1.0),01/10/24 11:00:00,M,I05,CP00,NO,2016-08,125.5,
ESTAT:PRC_HICP_MIDX(1.0),01/10/24 11:00:00,M,I05,CP00,NO,2016-09,125.9,
ESTAT:PRC_HICP_MIDX(1.0),01/10/24 11:00:00,M,I05,CP00,NO,2016-10,126.6,
ESTAT:PRC_HICP_MIDX(1.0),01/10/24 11:00:00,M,I05,CP00,NO,2016-11,127.0,
ESTAT:PRC_HICP_MIDX(1.0),01/10/24 11:00:00,M,I05,CP00,NO,2016-12,126.3,
ESTAT:PRC_HICP_MIDX(1.0),01/10/24 11:00:00,M,I05,CP00,NO,2017-01,125.9,
ESTAT:PRC_HICP_MIDX(1.0),01/10/24 11:00:00,M,I05,CP00,NO,2017-02,126.5,
ESTAT:PRC_HICP_MIDX(1.0),01/10/24 11:00:00,M,I05,CP00,NO,2017-03,126.9,
ESTAT:PRC_HICP_MIDX(1.0),01/10/24 11:00:00,M,I05,CP00,NO,2017-04,127.0,
ESTAT:PRC_HICP_MIDX(1.0),01/10/24 11:00:00,M,I05,CP00,NO,2017-05,127.3,
ESTAT:PRC_HICP_MIDX(1.0),01/10/24 11:00:00,M,I05,CP00,NO,2017-06,127.9,
ESTAT:PRC_HICP_MIDX(1.0),01/10/24 11:00:00,M,I05,CP00,NO,2017-07,128.1,
ESTAT:PRC_HICP_MIDX(1.0),01/10/24 11:00:00,M,I05,CP00,NO,2017-08,127.1,
ESTAT:PRC_HICP_MIDX(1.0),01/10/24 11:00:00,M,I05,CP00,NO,2017-09,128.0,
ESTAT:PRC_HICP_MIDX(1.0),01/10/24 11:00:00,M,I05,CP00,NO,2017-10,128.0,
ESTAT:PRC_HICP_MIDX(1.0),01/10/24 11:00:00,M,I05,CP00,NO,2017-11,128.3,
ESTAT:PRC_HICP_MIDX(1.0),01/10/24 11:00:00,M,I05,CP00,NO,2017-12,128.3,
ESTAT:PRC_HICP_MIDX(1.0),01/10/24 11:00:00,M,I05,CP00,NO,2018-01,127.9,
ESTAT:PRC_HICP_MIDX(1.0),01/10/24 11:00:00,M,I05,CP00,NO,2018-02,129.3,
ESTAT:PRC_HICP_MIDX(1.0),01/10/24 11:00:00,M,I05,CP00,NO,2018-03,129.7,
ESTAT:PRC_HICP_MIDX(1.0),01/10/24 11:00:00,M,I05,CP00,NO,2018-04,130.3,
ESTAT:PRC_HICP_MIDX(1.0),01/10/24 11:00:00,M,I05,CP00,NO,2018-05,130.3,
ESTAT:PRC_HICP_MIDX(1.0),01/10/24 11:00:00,M,I05,CP00,NO,2018-06,131.4,
ESTAT:PRC_HICP_MIDX(1.0),01/10/24 11:00:00,M,I05,CP00,NO,2018-07,132.6,
ESTAT:PRC_HICP_MIDX(1.0),01/10/24 11:00:00,M,I05,CP00,NO,2018-08,132.1,
ESTAT:PRC_HICP_MIDX(1.0),01/10/24 11:00:00,M,I05,CP00,NO,2018-09,132.8,
ESTAT:PRC_HICP_MIDX(1.0),01/10/24 11:00:00,M,I05,CP00,NO,2018-10,132.5,
ESTAT:PRC_HICP_MIDX(1.0),01/10/24 11:00:00,M,I05,CP00,NO,2018-11,133.3,
ESTAT:PRC_HICP_MIDX(1.0),01/10/24 11:00:00,M,I05,CP00,NO,2018-12,133.3,
ESTAT:PRC_HICP_MIDX(1.0),01/10/24 11:00:00,M,I05,CP00,NO,2019-01,132.4,
ESTAT:PRC_HICP_MIDX(1.0),01/10/24 11:00:00,M,I05,CP00,NO,2019-02,133.6,
ESTAT:PRC_HICP_MIDX(1.0),01/10/24 11:00:00,M,I05,CP00,NO,2019-03,133.8,
ESTAT:PRC_HICP_MIDX(1.0),01/10/24 11:00:00,M,I05,CP00,NO,2019-04,134.3,
ESTAT:PRC_HICP_MIDX(1.0),01/10/24 11:00:00,M,I05,CP00,NO,2019-05,134.0,
ESTAT:PRC_HICP_MIDX(1.0),01/10/24 11:00:00,M,I05,CP00,NO,2019-06,134.1,
ESTAT:PRC_HICP_MIDX(1.0),01/10/24 11:00:00,M,I05,CP00,NO,2019-07,135.0,
ESTAT:PRC_HICP_MIDX(1.0),01/10/24 11:00:00,M,I05,CP00,NO,2019-08,134.0,
ESTAT:PRC_HICP_MIDX(1.0),01/10/24 11:00:00,M,I05,CP00,NO,2019-09,134.7,
ESTAT:PRC_HICP_MIDX(1.0),01/10/24 11:00:00,M,I05,CP00,NO,2019-10,134.9,
ESTAT:PRC_HICP_MIDX(1.0),01/10/24 11:00:00,M,I05,CP00,NO,2019-11,135.4,
ESTAT:PRC_HICP_MIDX(1.0),01/10/24 11:00:00,M,I05,CP00,NO,2019-12,134.8,
ESTAT:PRC_HICP_MIDX(1.0),01/10/24 11:00:00,M,I05,CP00,NO,2020-01,134.7,
ESTAT:PRC_HICP_MIDX(1.0),01/10/24 11:00:00,M,I05,CP00,NO,2020-02,134.6,
ESTAT:PRC_HICP_MIDX(1.0),01/10/24 11:00:00,M,I05,CP00,NO,2020-03,134.5,
ESTAT:PRC_HICP_MIDX(1.0),01/10/24 11:00:00,M,I05,CP00,NO,2020-04,135.2,
ESTAT:PRC_HICP_MIDX(1.0),01/10/24 11:00:00,M,I05,CP00,NO,2020-05,135.4,
ESTAT:PRC_HICP_MIDX(1.0),01/10/24 11:00:00,M,I05,CP00,NO,2020-06,135.8,
ESTAT:PRC_HICP_MIDX(1.0),01/10/24 11:00:00,M,I05,CP00,NO,2020-07,136.8,
ESTAT:PRC_HICP_MIDX(1.0),01/10/24 11:00:00,M,I05,CP00,NO,2020-08,136.2,
ESTAT:PRC_HICP_MIDX(1.0),01/10/24 11:00:00,M,I05,CP00,NO,2020-09,136.7,
ESTAT:PRC_HICP_MIDX(1.0),01/10/24 11:00:00,M,I05,CP00,NO,2020-10,137.1,
ESTAT:PRC_HICP_MIDX(1.0),01/10/24 11:00:00,M,I05,CP00,NO,2020-11,135.9,
ESTAT:PRC_HICP_MIDX(1.0),01/10/24 11:00:00,M,I05,CP00,NO,2020-12,136.7,
ESTAT:PRC_HICP_MIDX(1.0),01/10/24 11:00:00,M,I05,CP00,NO,2021-01,138.3,
ESTAT:PRC_HICP_MIDX(1.0),01/10/24 11:00:00,M,I05,CP00,NO,2021-02,139.4,
ESTAT:PRC_HICP_MIDX(1.0),01/10/24 11:00:00,M,I05,CP00,NO,2021-03,139.0,
ESTAT:PRC_HICP_MIDX(1.0),01/10/24 11:00:00,M,I05,CP00,NO,2021-04,139.5,
ESTAT:PRC_HICP_MIDX(1.0),01/10/24 11:00:00,M,I05,CP00,NO,2021-05,139.3,
ESTAT:PRC_HICP_MIDX(1.0),01/10/24 11:00:00,M,I05,CP00,NO,2021-06,139.8,
ESTAT:PRC_HICP_MIDX(1.0),01/10/24 11:00:00,M,I05,CP00,NO,2021-07,141.3,
ESTAT:PRC_HICP_MIDX(1.0),01/10/24 11:00:00,M,I05,CP00,NO,2021-08,141.3,
ESTAT:PRC_HICP_MIDX(1.0),01/10/24 11:00:00,M,I05,CP00,NO,2021-09,143.2,
ESTAT:PRC_HICP_MIDX(1.0),01/10/24 11:00:00,M,I05,CP00,NO,2021-10,142.5,
ESTAT:PRC_HICP_MIDX(1.0),01/10/24 11:00:00,M,I05,CP00,NO,2021-11,143.9,
ESTAT:PRC_HICP_MIDX(1.0),01/10/24 11:00:00,M,I05,CP00,NO,2021-12,145.1,
ESTAT:PRC_HICP_MIDX(1.0),01/10/24 11:00:00,M,I05,CP00,NO,2022-01,142.7,
ESTAT:PRC_HICP_MIDX(1.0),01/10/24 11:00:00,M,I05,CP00,NO,2022-02,144.4,
ESTAT:PRC_HICP_MIDX(1.0),01/10/24 11:00:00,M,I05,CP00,NO,2022-03,145.6,
ESTAT:PRC_HICP_MIDX(1.0),01/10/24 11:00:00,M,I05,CP00,NO,2022-04,147.7,
ESTAT:PRC_HICP_MIDX(1.0),01/10/24 11:00:00,M,I05,CP00,NO,2022-05,148.0,
ESTAT:PRC_HICP_MIDX(1.0),01/10/24 11:00:00,M,I05,CP00,NO,2022-06,149.6,
ESTAT:PRC_HICP_MIDX(1.0),01/10/24 11:00:00,M,I05,CP00,NO,2022-07,151.7,
ESTAT:PRC_HICP_MIDX(1.0),01/10/24 11:00:00,M,I05,CP00,NO,2022-08,151.4,
ESTAT:PRC_HICP_MIDX(1.0),01/10/24 11:00:00,M,I05,CP00,NO,2022-09,154.1,
ESTAT:PRC_HICP_MIDX(1.0),01/10/24 11:00:00,M,I05,CP00,NO,2022-10,154.5,
ESTAT:PRC_HICP_MIDX(1.0),01/10/24 11:00:00,M,I05,CP00,NO,2022-11,154.4,
ESTAT:PRC_HICP_MIDX(1.0),01/10/24 11:00:00,M,I05,CP00,NO,2022-12,154.3,
ESTAT:PRC_HICP_MIDX(1.0),01/10/24 11:00:00,M,I05,CP00,NO,2023-01,154.1,
ESTAT:PRC_HICP_MIDX(1.0),01/10/24 11:00:00,M,I05,CP00,NO,2023-02,154.8,
ESTAT:PRC_HICP_MIDX(1.0),01/10/24 11:00:00,M,I05,CP00,NO,2023-03,156.2,
ESTAT:PRC_HICP_MIDX(1.0),01/10/24 11:00:00,M,I05,CP00,NO,2023-04,158.0,
ESTAT:PRC_HICP_MIDX(1.0),01/10/24 11:00:00,M,I05,CP00,NO,2023-05,158.7,
ESTAT:PRC_HICP_MIDX(1.0),01/10/24 11:00:00,M,I05,CP00,NO,2023-06,159.8,
ESTAT:PRC_HICP_MIDX(1.0),01/10/24 11:00:00,M,I05,CP00,NO,2023-07,160.2,
ESTAT:PRC_HICP_MIDX(1.0),01/10/24 11:00:00,M,I05,CP00,NO,2023-08,158.7,
ESTAT:PRC_HICP_MIDX(1.0),01/10/24 11:00:00,M,I05,CP00,NO,2023-09,158.4,
ESTAT:PRC_HICP_MIDX(1.0),01/10/24 11:00:00,M,I05,CP00,NO,2023-10,160.2,
ESTAT:PRC_HICP_MIDX(1.0),01/10/24 11:00:00,M,I05,CP00,NO,2023-11,161.3,
ESTAT:PRC_HICP_MIDX(1.0),01/10/24 11:00:00,M,I05,CP00,NO,2023-12,161.4,
ESTAT:PRC_HICP_MIDX(1.0),01/10/24 11:00:00,M,I05,CP00,NO,2024-01,161.2,
ESTAT:PRC_HICP_MIDX(1.0),01/10/24 11:00:00,M,I05,CP00,NO,2024-02,161.6,
ESTAT:PRC_HICP_MIDX(1.0),01/10/24 11:00:00,M,I05,CP00,NO,2024-03,161.8,
ESTAT:PRC_HICP_MIDX(1.0),01/10/24 11:00:00,M,I05,CP00,NO,2024-04,163.2,
ESTAT:PRC_HICP_MIDX(1.0),01/10/24 11:00:00,M,I05,CP00,NO,2024-05,162.9,
ESTAT:PRC_HICP_MIDX(1.0),01/10/24 11:00:00,M,I05,CP00,NO,2024-06,163.3,
ESTAT:PRC_HICP_MIDX(1.0),01/10/24 11:00:00,M,I05,CP00,NO,2024-07,164.1,
ESTAT:PRC_HICP_MIDX(1.0),01/10/24 11:00:00,M,I05,CP00,NO,2024-08,162.3,
